AF,QB,AL,DZ,QC,AO,AG,AR,AM,AW,QD,XA,AU,QG,AT,AZ,BS,BH,BD,BB,BY,BE,BZ,BJ,BT,BO,BA,BW,BR,BN,BG,BF,BI,CV,KH,CM,CA,QH,CF,QI,QJ,TD,XI,CL,CN,CO,KM,CG,CR,HR,CU,CW,CY,CZ,CS,CD,DK,DJ,DO,QK,QL,QM,EC,EG,SV,GQ,ER,EE,ET,QE,QY,FJ,FI,FR,GA,GM,GE,DD,DE,GH,GR,GD,GT,GN,GW,GY,HT,HN,HK,HU,IS,IN,ID,IR,IQ,IE,IL,IT,JM,JP,JO,KZ,KE,KI,KR,KS,KW,KG,LA,XL,LV,LB,LS,LR,LY,LT,LU,MO,MK,MG,MW,MY,MV,ML,MT,MR,MU,MX,FM,QN,XM,XN,MD,MN,ME,MA,MZ,MM,NP,NL,NZ,NI,NE,NG,QO,QP,NO,QF,QQ,OM,PK,PS,PA,PG,PY,PE,PH,PL,PT,PR,QA,RO,XR,RU,RW,LC,VC,WS,ST,SA,SN,RS,SC,SL,SG,SK,SI,SB,SO,ZA,QR,SS,QS,QT,QU,ES,LK,XF,SD,SR,SZ,SE,CH,SY,TW,TJ,TZ,TH,TL,TG,TO,TT,TN,TR,TM,US,SU,UG,UA,AE,GB,UY,UZ,VU,VE,VN,QV,QW,QX,WO,YE,YU,ZM,ZZ,ZW
4217.6288,5468.5962,6461.5976,16538.6348,24257.3652,8325.8611,17304.7212,11809.5404,,38816.9731,5566.8813,4974.46,27375.9974,26905.1816,28613.6796,,38549.9516,46906.6815,2198.8859,16014.0133,,28353.2113,8565.6833,2341.3485,3499.3831,5398.0449,2053.0454,12014.9222,14745.473,110495.9899,11687.3609,1644.4708,1789.2496,4928.5269,1708.5446,5365.8913,30037.8721,13345.7324,1720.3339,15511.6982,,1731.4444,,10236.946,2771.8684,10283.0063,5208.7908,7481.807,10397.7639,16056.9159,15877.7547,,24931.85,20035.9037,19228.8456,2702.7167,28798.7158,3574.8924,8903.4956,2158.9395,6000.3096,20336.1309,9651.2673,9120.6349,6749.4818,4202.3328,,15058.2787,1213.6797,26749.2,26608.9,8032.5235,25842.4325,28015.731,25849.2161,2691.5465,9611.1617,24439.4092,30907.2745,3291.4044,22153.2496,9426.564,8660.0668,2299.755,2366.0351,4076.4418,3375.0281,5848.8365,26049.2234,15768.938999999998,30129.7085,2588.5419,4245.6534,15023.5657,14651.0544,19698.917,22754.8563,28534.2101,9717.9958,26428.2124,11526.6163,,4435.0565,2850.6921,12495.0809,,107853.3614,4433.9051,2830.8362,13626.6758,15100.9244,7378.865,3794.7954,2319.1948,37393.1491,15795.6805,52230.1674,40086.6006,9616.6414,3482.7528,1458.1133,10421.1455,9469.4609,884.2963,17109.4448,4771.8316,10038.2765,17974.0902,4874.5922,4446.916,18056.9863,17186.6074,6496.3112,8503.6967,,5766.7417,655.2959,1098.3137,2042.2239,31417.2969,24494.4912,5416.1303,1640.6587,4613.7708,9511.5908,36820.9414,38196.0935,22861.1484,4142.4502,54926.5604,5071.8868,3994.0781,11075.6746,3768.9546,8511.8337,8016.0924,6208.8614,12193.6802,17915.8259,26751.8633,85774.4174,12662.2707,17419.3984,19567.6166,1554.1551,12172.2377,7763.2304,6284.9993,4100.1932,64077.7541,3188.7794,,16852.3004,2807.893,34501.7565,15069.1837,17866.1991,2677.8818,707.7518,13543.9604,13010.6719,,4902.75,12956.0518,3319.6648,22573.3579,4673.2783,4094.554,3319.052,14936.4875,9347.7696,28207.6729,42220.1763,6409.0762,17049.773999999998,5832.286,2334.0751,7603.9753,,2682.7865,5520.3048,14258.3459,7063.6933,14052.0561,9386.4672,37564.4348,18785.24,1615.8359,11411.4717,105522.7391,25921.1158,10967.7189,4796.0344,3265.6216,19756.9698,2099.1075,3826.6858,23365.3047,27633.8047,11791.6143,4625.3217,67426.2787,3897.1031,,2582.7912
3967.6546,5484.3013,5714.556,16101.4313,23931.1602,8138.0415,17794.4679,12107.6819,4529.9076,39538.8914,5670.999,5010.1846,27551.7227,26906.1074,29640.6994,10965.6951,36606.5279,53116.4279,2231.8631,15069.1081,8831.3487,29125.0787,9328.5786,2496.9807,3832.7964,5542.6821,2058.0063,12973.64,13727.4399,106752.3228,10437.9005,1588.7165,1817.8316,4824.7785,1673.31,4855.6922,29344.4134,12989.333,1661.5247,15313.0713,,1729.0825,,10412.7539,2585.5043,10417.796,5072.6745,7179.9391,10702.1783,16226.9305,15141.0125,,26325.2098,20262.9526,18906.0073,2446.5748,29010.3865,3642.5982,8210.2985,2173.9075,5920.9536,16709.709,9913.7778,9292.9203,6725.9466,4200.3459,,15213.9432,1180.8556,24363.8,24162.3,8640.0902,25419.2822,28483.2057,25552.871,2665.9882,8234.9255,21424.7369,31818.2719,3292.85,22176.3463,9957.1728,8651.2681,2315.5466,2424.7648,3894.4764,3377.0146,5483.9305,26293.967999999997,15066.3812,30432.4287,2696.6094,4496.6208,16617.4574,14770.0233,21466.8073,23980.0561,28663.0209,9935.0949,27559.1731,10837.7343,14380.9983,4410.0886,2744.1383,13275.3688,13167.4543,81329.9099,4678.0819,2937.7464,13306.1025,15594.6548,9646.3676,3986.73,1133.3911,37422.3471,15843.2903,54900.8132,41917.9463,9681.1706,3566.8454,1462.2226,11268.8789,10780.4912,895.0156,18309.9827,4591.7091,9940.0378,17606.2214,4946.1804,4185.3442,19136.4355,17319.9414,6558.7163,8077.2325,15158.6837,5893.4292,661.5003,1073.9906,2107.0388,31589.3647,23585.2721,5268.4278,1556.9306,5021.5487,9564.2021,36730.1211,38799.7228,22817.8828,4046.8533,57304.6855,5155.4283,4596.3346,11848.2858,3537.6682,8560.1634,7284.4194,6292.8332,10472.0453,18668.6228,27024.1364,85335.0221,11915.7925,16854.4199,19041.1505,1605.0746,11654.0683,7853.5479,5965.1276,3940.6233,69995.3248,3259.7909999999997,11519.3376,18051.4233,2725.5797,36699.5117,15227.756000000001,17992.0411,2863.8345,688.2748,13111.444,12629.4873,,5167.0298,12613.708999999999,3481.3438,23299.9132,4874.2589,4096.3896,3311.9956,13886.4432,10507.2769,27672.5773,42636.3145,6422.8845,17526.863,5759.7537,2410.4869,8073.1963,3178.1215,2787.4527,5589.9977,14540.8679,7386.1232,15106.7066,12733.7667,37545.0352,18544.236,1645.1657,10695.7061,118685.0406,25847.996,11002.08,4769.7785,3291.7592,21431.4911,2139.6218,4012.6743,24627.8086,27914.4258,11430.333,5326.0492,12483.1372,3878.7573,1899.5647,2655.77
3413.0244,5457.1313,3959.4356,15056.253999999999,23621.8594,7996.7501,18481.5966,13441.4715,4039.2131,40759.2238,5830.6323,5154.7319,26734.9925,26090.6855,30267.6402,10903.0475,33903.3252,51345.8449,2246.3611,14273.5289,8786.1851,29504.5442,9323.6726,2537.1561,3862.5711,5737.2976,1876.2874,13909.2132,13582.1889,106948.1644,9938.8255,1696.3062,1919.1239,4746.4142,1733.6062,4622.0148,28405.7397,12239.3506,1655.7379999999998,15661.3262,8215.9883,1774.4832,,10971.5132,2810.3454,10364.8642,5027.9837,7398.8137,10692.1052,12423.0245,13210.8622,,25648.2378,16598.6296,,2169.837,29064.8874,3425.3075,8070.8047,2118.1851,6143.3223,14545.5596,10199.801,9596.2987,6824.1298,4113.7414,,14170.8261,1060.0773,23709.7,24040.6,8189.1363,23142.5815,28291.2475,26654.5619,2690.6752,6555.0028,,30084.1566,3367.4719,22628.7711,10367.0275,8890.3819,2277.9304,2411.0738,4093.7735,3314.5968,5459.9555,27167.6052,13063.2245,30261.0895,2650.8459,4744.9801,18422.769,3878.5820000000003,21576.078999999998,25220.5338,28768.9798,9670.0937,27872.1621,9855.5825,12832.1723,4297.9198,3018.0162,14363.9761,9585.5398,49472.7057,4551.3683,2980.7318,13493.0254,14304.6146,13504.5353,4053.5714,1004.7564,42398.233,14861.5052,59833.369000000006,41805.1372,9358.0887,3213.0065,1561.6995,11770.2666,11262.128,1018.097,18996.4374,4654.1058,11159.6838,18033.958,5044.3422,4008.2915,18915.5508,16791.2539,5398.8814,7365.5062,13589.7623,6145.154,666.3489999999999,1031.9145,2162.4918,31784.1923,22777.3464,4892.4768,1552.2939999999999,4903.6774,9734.8564,35955.3555,39738.4779,22132.8262,4120.3276,57454.9634,5354.4159,4166.2295,12406.3995,3760.9208,8495.2641,7479.0585,6130.8045,9807.0012,18936.4483,27435.4782,81245.811,10225.9401,17274.9883,19963.7023,1575.4771,11310.2539,7787.3858,5740.4482,3936.6438,76592.6044,3170.2014,10250.6951,18050.2588,2707.5729,37257.7929,12610.8315,16074.3233,2798.7097,680.0285,12730.3505,12864.7666,,5344.0156,12329.3662,3539.0476,23679.6351,5008.9704,4014.9727,3454.7333,13946.4985,10501.5951,27136.8889,42233.5638,6543.012,18602.0757,5355.2532,2479.4034,8507.0263,3365.4468,2740.4126,5684.924,14662.6792,7373.5409,14772.9862,11756.2869,36788.7628,,1673.119,9647.3107,110863.5696,25288.5581,11432.3291,4650.0058,3387.5224,22860.0494,2199.5143,3948.5239,21374.0625,27926.0078,11124.1475,5013.77,,3321.989,1947.8953,2735.475
3158.9766,5330.8047,3675.5001,14849.8446,23853.6523,7500.3148,18331.8121,14871.6293,2344.136,40563.4166,5969.5874,5271.1636,26502.6117,25834.4082,30594.9282,8279.6411,32158.4258,51063.8341,2272.9556,13116.875,7923.6063,29718.3146,9606.9614,2547.7991,4050.324,5747.3806,1781.8152,13839.1206,13133.8967,108918.1391,9156.5238,1653.1916,1942.2910000000002,4737.0362,1789.6298,4235.3767,28146.5944,11783.7041,1587.5352,15809.6084,7332.1211,1774.2499,,12182.8038,3086.5259,10544.8138,5382.1651,7526.3026,11359.8813,10855.2044,11410.3545,,27383.2845,16135.7674,,1874.5155,29857.8673,3565.3022,8686.086,2063.2563,6349.4482,12339.9316,10236.2957,9670.7437,7201.2103,4731.5544,,11157.0564,1027.6645,23542.7,23938.5,8336.3112,21991.6983,28527.0549,23985.576,2740.949,3586.3527,,30306.5711,3387.0284,22531.072999999997,10269.9161,9054.905,2229.4967,2458.2009,4476.1083,3080.0569,5566.8799,28301.2553,12518.4038,28906.5687,2641.2192,4837.0129,18849.8846,5306.4975,22037.4792,25967.1168,28422.615,10822.2807,27549.0081,10688.0389,12166.9793,4114.7794,3001.3408,14742.2216,6767.5569,81979.3097,3936.5734,3062.9722,13518.6992,9112.5952,13551.6171,4106.1013,662.5005,39551.5717,11267.3022,59134.7929,46521.1345,8516.4535,3191.3026,1420.1973,12025.528999999999,11562.3439,971.8699,19314.8238,4631.0543,11559.1711,18146.1289,5133.7907,3679.5735,19566.7832,17048.8613,3774.0976,6435.3586,10235.7703,5718.735,594.9933,1095.4174,2183.3273,31386.6042,22413.5966,4606.9557,1498.3467,4890.8906,9621.2334,36578.8789,41330.4524,21931.9492,4346.8335,57428.1952,5428.2024,4983.7001,13224.6306,4092.3309,8365.0425,7218.2016,6088.2433,9922.2532,19374.8091,28230.9085,89210.3479,9195.6121,14141.916000000001,16095.4151,1749.1831,12003.2556,8316.5884,5631.894,3892.0682,76573.1104,3156.6903,7075.7724,18871.33,2447.0107,38950.1639,11588.2969,15013.7795,3018.5949,596.2372,12132.4952,12898.5381,,5511.8364,11808.3086,3557.0354,23664.8121,5128.6891,3895.3538,3534.032,13679.9538,10678.0408,26111.8779,41098.2911,7277.8145,19779.8409,3679.8612,2452.2664,9063.5781,3563.7268,2590.7873,5770.0213,14173.3223,7768.2133,15274.5149,9571.4694,37511.0889,,1698.0024,8573.2772,106131.4676,25583.568,12528.2938,4006.5902,3259.9503,23032.5186,2321.7070000000003,3907.3894,21945.8691,27979.1523,11023.4717,4948.0165,,3184.1417,2015.0967,2443.3624
2349.1856,5212.7119,4333.1829,14024.8079,24228.959,5281.9386,19202.244,15493.5745,2223.2414,40637.1169,6013.9292,5297.2495,27393.2441,26705.8457,30491.7024,6205.3749,31047.4341,52733.3802,2296.5498,13040.9902,7329.1706,29474.1759,10009.9601,2602.3089999999997,4193.7034,5833.7874,1774.0504,14268.9265,13421.3058,105242.7724,9030.9867,1664.5448,1800.6786,4930.2797,1784.7731,4055.5792,28687.9284,11115.2031,1533.2,17461.2637,6744.1387,1680.3936,,12762.9629,3092.5767,10987.3576,5376.2125,7092.7288,11815.9517,9901.757,9425.4355,,26594.2161,16295.3926,,1561.0169,29681.8417,3668.7205,8739.4748,2118.0469,6310.2397,11296.7158,10144.4199,10007.6686,7544.9261,4855.8239,2358.1488,10747.7164,1111.0003,23246.7,23649.2,8288.5725,21620.4935,28046.1244,24853.2183,2782.2861,2558.5861,,29523.4159,3434.0926,21813.7149,9692.8598,9200.355,2237.7821,2459.5043,4743.268,2777.4634,5858.9009,29505.0163,12302.466999999999,28968.6874,2779.4786,5033.7368,18142.3545,8279.4341,22308.7778,25725.7164,27889.4386,11249.9947,27104.9693,10409.0801,11138.145,4007.0863,2974.6939,15352.0527,4807.0807,107411.8,3282.3920000000003,3154.5259,14050.252,7954.1047,13916.6364,4157.049,447.0514,35940.0612,9149.9923,59858.712999999996,47638.2827,8464.9909,3180.9922,1586.9735,12858.3577,11873.5307,992.8982,19650.869,4658.5567,11740.7107,20233.3903,5289.548000000001,3122.3831,19832.4277,17193.8828,3803.3036,6141.1177,6177.8516,5466.477,616.1445,1132.4351,2237.5308,31427.6852,23216.4433,4565.1847,1480.6852,4746.2449,9461.4824,36911.5547,42079.7787,22678.623,4765.0659,58159.7593,5407.6487,5250.884,13643.653999999999,4740.4396,8608.8445,7311.9204,6027.6642,10341.6015,18730.4002,29014.9886,85894.0194,9341.233,12486.4111,14321.2643,1655.6022,11592.7397,8370.3831,5791.4415,3860.2893,74024.92599999999,2976.8887,4603.0558,19111.0897,2498.1141,40853.8079,11772.548999999999,15483.3151,2972.7333,596.7698,12043.053999999998,13161.5654,,5735.2837,11735.5996,3627.4158,22855.8043,5416.2226,3796.2341,3508.0337,12380.7059,10718.7889,24735.2924,41492.7488,7314.8584,20719.0931,3076.0137,2491.5261,9614.9516,3789.3101,2133.6632,6033.0879,13894.8731,7618.2074,16148.749,9522.2722,37820.3462,,1782.6805,7235.32,99054.0932,26291.5743,12684.5022,3830.8831,3400.7844,22377.6371,2436.3112,3806.0239,22343.9727,27619.8125,10943.2607,4857.2446,,3346.9246,2076.3098,2444.272
1580.3382,5195.0273,4716.5775,13436.7327,24907.5293,5260.0395,19930.2595,16111.0056,2390.5474,41527.355,6094.7964,5414.374,28100.9496,27399.584,31043.0527,4888.4747,31311.9599,52137.0945,2332.8322,13440.4767,6421.9739,30531.6516,10070.2704,2549.4736,4506.5413,5988.4638,2010.2309,12401.5074,14063.3361,105002.1191,9550.0388,1634.8781,1749.2377,5103.5865,1835.4144,4085.6038,29573.8229,11101.7256,1555.3229,17813.0547,5757.3237,1737.4236,,12944.0976,3244.5366,11419.3726,4907.7343,6265.1632,12151.5326,10652.8031,9419.7295,,27338.0944,16756.4454,,1453.8388,31083.3352,3514.2693,8845.9739,2084.738,6469.188,10090.0332,10340.1604,10198.9294,7852.1536,5060.9488,2711.2212,10713.2615,1133.8163,23752.6,24167.6,8470.0263,22920.2874,28445.6609,25636.1992,2725.4086,2352.8379,,29939.5338,3435.4091,22181.0398,9814.8418,9328.9317,2223.2647,2490.6636,5149.6435,2566.8102,5542.9853,30704.4523,12721.8567,29629.9338,2890.5997,5257.5072,17288.5603,7467.9032,23339.749,26442.873,28255.4786,10798.7807,26950.7304,10218.860999999999,9512.5217,3987.3635,2983.5858,16453.1438,4718.912,119385.5936,2605.9918,3301.8866,14447.6152,8333.5103,14489.0676,4190.6207,346.9872,35536.9287,8043.0664,58526.7919,48468.8496,8325.0266,3061.845,1388.1767,13487.2477,12310.726999999999,1018.3714,20003.387,4948.7618,11971.8718,20676.641,5298.3924,3054.5488,19131.041,16742.6367,2583.7364,6178.0830000000005,6301.7348,5985.4701,620.6363,1187.0891,2298.6427,32178.475,23862.5622,4470.4425,1464.7895,4640.130999999999,9527.126,38106.6875,44407.7691,23214.6172,4849.5439,56606.0527,5502.8879,5833.1448,13595.5271,4836.1026,8637.192,8081.3707,6189.0562,11012.972,18960.9867,29816.3138,85088.457,9738.7423,10192.1758,11776.3708,832.1814,11574.1714,7948.6277,5542.7955,3874.0666,71508.9786,2936.6847,4796.9329,18428.009,2517.3053,45081.317,12512.6065,16689.3014,3096.6032,466.1149,12113.918,13616.8047,,6021.3506,11735.2256,3681.1638,22928.4135,5618.1592,3757.292,3544.5193,12607.1351,10353.4593,26222.9682,41208.59,7619.8813,21888.3789,2395.1537,2495.6624,10108.0014,4062.4179999999997,2291.9992,6324.8202,13992.2675,7555.4991,14557.7799,7551.7154,39051.2113,,1939.2052,5644.1898,100719.3545,27128.7286,13481.09,3540.7765,3339.7972,21278.3667,2575.7053,3745.6624,21474.041,28133.7031,11013.5127,4699.0042,,2961.0021,2099.1275,2529.1737
2184.99,5208.8545,5498.7619,13512.2723,25008.334,5500.9845,18270.0565,15163.1691,2710.7418,40699.721,6213.6729,5524.5938,28669.6952,27959.2559,30773.7445,4246.5716,32087.2255,55736.0593,2371.0788,13518.1094,5689.3033,30490.8242,10269.0305,2712.0396,4850.1109,6111.7353,2459.6211,13492.4673,14344.1191,106272.8421,9891.7787,1676.4614,1618.4718,5299.8118,1882.8379,4108.4699,30093.8986,11312.0742,1592.7618,15923.0234,5508.5845,1709.4856,,14147.3415,3262.9974,11557.905,4960.751,4945.1641,12249.7031,11579.1873,9575.5092,,28231.2254,17045.0543,,1423.9474,31660.1325,3675.0548,9056.4844,2133.2231,6550.1401,9379.0117,10399.5839,10495.0527,8206.1899,4957.3895,3348.7738,10904.2045,1207.4856,24348.6,24783.5,8608.9977,24087.249,28895.7275,25829.9868,2662.026,2475.1041,,30271.9431,3462.9329,22711.1536,9727.2817,9559.0336,2232.5829,2521.2141,5349.2005,2722.9549,5606.5305,30661.242000000002,13179.8019,29043.974,3000.8853,5543.0006,17075.0116,5457.9458,25423.3438,27801.8219,29179.6988,10857.9168,27650.3616,10285.5834,9306.1523,4013.7626,2937.9985,17360.9996,5104.5777,128785.7957,2388.3062,3446.6726,14105.4844,5889.8574,14951.7477,4345.7479,322.5299,33501.2841,8226.5622,63787.0338,48956.0708,8220.5737,3015.0539,1507.6605,14301.5767,12899.5728,1377.1841,20653.865,4661.4372,12140.3096,18157.7122,5356.9051,3034.1465,19266.8047,16869.1328,2566.3578,6489.9005,7257.4048,5391.8312,600.4044,1233.8548,2328.5268,32871.5627,24385.8647,4769.8786,1453.7104,4631.6766,9513.4043,38937.4883,46404.1451,23574.4199,4587.0742,57455.0723,5610.9951,7099.8708,13173.723999999998,4394.4239,7730.5637,8431.0333,6410.403,11815.1306,19546.4542,30304.9129,84771.6358,10458.5576,8681.666,9954.513,1126.5367,11377.678999999998,8486.1632,5860.7317,3863.5244,70644.9261,2983.4236,5094.657,17344.1527,2326.5712,45541.6001,12480.6674,17298.7863,3255.5043,462.2842,12013.1484,13766.6016,,6322.9502,11708.9609,3776.8806,23772.0468,5841.5901,3787.4873,3663.49,12370.8364,11293.5498,27854.402000000002,40016.3908,7694.9177,22895.3491,2097.3158,2506.7929,10621.0015,4399.8399,2425.2789,6444.5224,14530.5502,7472.7462,15313.7637,6808.8773,39917.3553,,2053.1037,5004.3679,102407.8823,27923.0326,13069.8346,3428.722,3481.8284,21811.3835,2742.0326,3773.7266,21722.5137,28745.6211,11061.9453,5267.0976,,2970.7206,2094.708,2467.1283
2074.7067,5325.9287,5984.004,13544.4217,25478.9082,5680.4379,18987.1924,15679.0753,2847.1209999999996,39399.1226,6375.3604,5669.48,29539.3084,28715.9414,31475.1921,4338.9792,32740.5056,55446.6968,2382.839,13895.3353,5852.5685,30777.35,9969.0095,2714.2786,5066.742,6217.2005,3884.2536,13191.1427,14233.8462,106316.3442,8939.2572,1812.6536,1457.3236,5441.4264,1888.5891,4091.4511,30184.9495,11781.5664,1423.9977,16236.2568,5423.7168,1689.5814,,14870.8619,3367.6565,11031.1856,4719.6873,4860.4953,12019.8284,12206.8371,10270.9638,,28099.7977,17562.3633,,1378.7148,32566.1658,3342.9022,9528.6799,2197.9231,6720.9702,9914.6777,10283.7143,10802.8675,8130.3233,6234.2869,3314.3879,11753.7705,1263.1007,24762.2,25181.9,8946.2919,25086.6655,29310.9782,25970.3987,2711.2319,2803.4675,,30401.4343,3502.2702,22942.1212,9930.0758,9491.7032,2256.2508,2537.1875,5953.0679,2800.8385,5596.6347,31423.9019,12783.3539,30302.6448,3085.0929,5835.3198,17459.2731,8246.6288,27188.39,28163.2073,29500.4449,11010.3258,28444.3399,9994.6791,9212.2583,4060.2321,2984.5126,18239.932,5613.7996,125937.1865,2420.8382,3572.8578,14191.6455,6375.8137,15386.445,4688.2719,338.7087,33064.9874,8965.67,63848.1825,47662.1341,8290.0839,3000.6923,1635.6537,15176.3906,13348.768999999998,1604.6402,20804.096999999998,5003.1203,12449.2278,18579.9997,5040.6663,3038.3975,19686.5215,17268.6758,2557.7875,6535.1735,9407.5628,5954.9616,750.5239999999999,1285.6208,2364.6184,33963.2772,24573.0628,4985.3758,1449.3562,4688.778,9737.3545,40079.4414,48932.4316,24178.7363,4771.2051,56863.7358,5550.6486,6659.0824,13435.2238,4632.0253,8060.4082,8509.768,6498.2927,12504.2321,19784.6858,30853.5402,86120.8408,10799.9635,9354.1582,11048.8385,1255.0686,12149.9416,8554.0461,6216.6913,3786.5640000000003,69172.365,3080.2712,5143.0936,17249.8307,1759.3794,47472.9205,13143.8463,17530.9948,3184.1966,473.4042,12381.2846,13723.5537,,6570.0,12039.0137,3856.9089,24139.725,5890.9814,3860.3157,3611.9262,12277.7368,11749.0147,28551.9515,40041.5072,8137.2239,23823.8402,1709.7749,2546.9853,10762.4873,5064.0863,2526.8433,6393.5317,15244.7681,7644.6231,15906.0529,7162.9818,41178.5331,,2129.1072,4434.1175,103503.2672,28544.9388,13676.2704,3405.6843,3489.4392,21208.033,2918.6879,3834.468,22224.2969,29169.7773,11272.9756,6131.1032,,3065.0061,2369.9995,2653.7009999999996
1924.2201,5377.751,5181.4135,13165.0258,26295.9824,6520.4521,19649.1125,16728.0947,3076.2319,40962.6833,6465.189,5732.1475,30472.5664,29580.4629,31863.9821,4391.7079,34160.0587,53667.1254,2426.8105,14495.5397,6516.4781,31862.1663,9937.8808,2780.4719,5209.3064,6377.7227,5333.4749,14300.0271,14278.6206,100878.3212,9082.0526,1866.557,1462.8894,5695.7,1976.8564,4118.403,31129.9402,12134.4297,1478.8351,17255.2227,5465.5771,1732.8276,,15648.9466,3442.7658,10982.4006,4782.6282,5621.9966,12231.0963,13177.761,10457.5281,,28145.8665,16985.0153,,1272.062,33494.1857,3345.2612,10072.3439,2219.8354,6782.2583,10115.0811,10511.9143,11101.358999999999,8274.9235,12127.37,3567.6407,12782.4742,1218.4360000000001,25404.8,25802.6,8533.2407,26970.3113,30007.0148,26893.1917,2627.2162,3127.8794,,30810.7624,3589.2296,24050.2716,10286.2727,9635.6823,2310.7041,2656.0668,6340.4733,2810.073,5729.4712,32449.8202,13263.4318,31462.1806,3145.4509,6298.311,16662.7343,9601.8644,29126.014,28222.8228,30071.6395,10673.954,28288.8185,10203.3977,9535.9058,3924.8249,3006.9203,18801.9208,6184.4401,126154.9997,2583.0414,3700.3902,14653.7734,7225.9324,14653.4987,5014.5371,656.1811,33965.2954,9974.8968,69816.6107,46603.2371,8330.8757,3054.7055,1662.9079,15724.023000000001,13957.7462,1726.2665,21665.1634,4616.2807,13013.4569,19876.8833,4769.5673,3215.4609,19932.1895,17632.6563,2588.2272,6447.6603,9967.7214,5641.86,809.7524,1333.0249,2399.7286,35149.3363,25079.2797,5099.7524,1393.1970000000001,4693.8267,9807.7988,41523.4961,51601.9578,24774.9785,4494.2158,60327.6376,5468.8445,7317.1461,13802.007,4322.0929,7725.8973,8872.4563,6769.2576,13172.1166,20608.8781,31988.2978,106562.3424,10178.2971,9481.4629,11262.2992,1355.9786,11785.7331,8646.1883,6199.3506,3490.0465,67525.0589,3043.7784,5482.1045,19837.135,1440.7303,50394.3679,13724.6896,18240.2296,2997.1997,449.8252,12365.9555,13992.8691,,6775.9805,12073.248,3875.8071,24944.6797,6199.2944,3910.658,3777.3883,12840.9456,11727.9519,29283.181,41666.3125,8156.3515,24796.8828,1733.9535,2519.2755,9858.631,5565.3457,2517.891,6421.4373,16487.2809,7822.71,16740.7482,6102.1076,42679.2275,,2193.2068,4282.4038,107382.2175,29414.5384,14213.6708,3500.9558,3498.6627,22033.5858,3069.1415,3852.9019,22834.4551,29932.0156,11493.2246,6198.937,,3701.0485,3178.0864,2633.7799
1796.9569,5429.5874,5629.2472,13411.5226,26849.2363,6445.326999999999,20158.3458,17070.1638,3242.5957,43614.6312,6369.4907,5603.4448,31450.3144,30425.9473,32821.1009,4626.4161,36147.3428,55572.5114,2469.4919,14956.256000000001,7079.5251,32340.1681,9771.8243,2815.0294,5326.1685,6583.15,6150.0773,14967.6427,13834.0906,96568.1186,9030.041,1938.8374,1533.4125,6032.2363,2018.4406,4363.5597,31696.9467,12411.2646,1516.1584,17694.3477,5489.9004,1802.0102,49852.9044,16026.8114,3541.535,10439.7582,4703.4174,6197.1035,12515.9255,13483.1976,10358.7273,,32372.0144,16730.6328,,1226.4849,34147.3375,3200.8128,10556.3317,2238.8169,6696.2598,9891.4551,10571.5392,11335.3948,8490.7408,13325.6701,3807.7807,13509.046,1191.0073,26084.8,26490.9,8329.0905,28329.0593,31003.5977,27783.1624,2646.4957,3280.3845,,31281.1016,3620.0165,24762.4422,11324.5116,9873.015,2379.8501,2146.7870000000003,6192.3897,2805.5302,5724.0168,29447.506,13781.6251,33277.4787,3065.7572,5830.7637,16369.8016,12681.5676,30947.6686,28547.4722,30392.2831,10404.6884,27468.9676,10403.5602,9601.9373,3948.625,3183.8441,16834.2849,5776.5614,123305.5496,2475.6556,3688.5503,14600.085,7795.7268,14936.2694,4646.2164,787.3466,31771.4713,10889.4001,69491.8162,43219.2307,8515.2367,3095.0053,1637.1972,14478.1013,14567.1339,1788.7534,21824.3566,4597.8936,13249.5114,20436.3307,4864.6613,3276.259,20210.3984,18008.6836,2408.2619,6418.0416,10362.2385,5998.3412,882.4747,1368.9171,2440.3206,36026.5799,25241.7559,5247.2648,1527.2147,4795.9466,9977.1631,43052.1016,52203.8095,25407.9648,4543.186,61825.0674,5526.3369999999995,8376.8441,13213.2065,4427.3124,7563.6725,8691.3154,6537.9253,13622.7095,21596.2073,33229.3814,110858.0118,9925.5541,8891.9404,10500.8596,1385.9264,12315.0504,8989.8235,6266.5358,3404.3532,67790.6056,3126.4914,5774.6242,21620.1048,1400.4546,47460.3863,14149.688999999998,18620.1278,2994.9174,449.2401,11994.3365,13720.5693,,6318.6328,11746.0762,3822.3728,25945.2277,6397.3159,3929.3577,3915.3759999999997,12943.392,11252.6756,31162.5957,42660.8978,8498.3789,25245.0561,1810.0204,2562.205,8467.3511,5792.6392,2366.4983,6619.8957,17652.8321,8029.688,16853.5946,6397.1553,44314.4701,,2340.9961,4164.5145,102546.1417,30551.819,14780.149,3563.4426,3697.2191,21429.9436,3152.6047,3929.2122,23365.3477,30757.6836,11538.6279,6089.5093,,3541.1266,2373.9442,2600.6058
1646.8844,5408.8438,6260.0977,13360.8435,27184.0215,5932.2748,20397.543,16135.3359,3324.6516,42597.1395,6392.7534,5661.9878,32520.7656,31404.0723,33462.04,4939.5184,37139.2603,55818.9489,2515.522,14844.5942,7291.6615,33238.5545,9952.1421,2878.8821,5517.9447,6397.265,6615.9677,14757.4461,13372.9122,96303.9956,8506.0242,1990.6151,1500.4161,6562.1274,2189.8706,4259.3285,33095.4857,12894.9727,1574.1303,17987.9629,5627.3687,1731.2191,51619.2227,15380.4979,3645.3166,9899.6021,4655.2263,5271.2368,11286.1147,13142.4262,10962.1163,,30369.8443,16616.8935,,1147.6306,35113.4886,3158.1324,11052.8152,2257.0615,6807.6221,10499.0859,9582.2665,11637.7917,8619.5497,15340.7688,3782.9615,13233.9563,1227.4254,26710.8,27136.1,9234.313,29774.9605,32125.2356,23558.6751,2741.9254,3345.6397,,31759.3947,3679.7894,25113.34,11993.0727,9994.4889,2458.99,2414.6554,6380.8458,2806.6409,5459.0588,29615.1792,13933.6094,34437.2872,3200.6457,5172.1646,16389.6388,14372.428,32815.2889,28220.3525,30862.9499,10261.8623,27051.7833,10697.5029,9827.5777,3896.8332,3023.7309,18663.5333,4446.5559,110392.4158,2516.2911,3868.2155,14311.6543,8051.5094,14451.5777,5011.6721,888.3217,31038.4677,10736.6523,72305.8513,40958.477999999996,8745.6851,3168.9722,1620.0212,14000.3214,14910.4961,1960.3958,23328.2577,4753.9901,13320.0274,20880.7178,4945.3766,3062.2195,19678.6035,17559.9766,2322.7105,6528.015,9294.8152,5876.1581,923.09,1536.4806,2513.6085,38346.9455,25733.2968,5456.7375,1487.0059,4648.4269,10082.6367,44392.6875,53311.6336,26142.3477,4576.4458,59862.7749,5592.6498,8689.9418,13097.411,4356.5569,7187.3938,8612.5074,6143.677,14108.4633,22422.126,34198.1921,114334.0557,9855.8629,9874.5137,11798.6142,1388.0595,12417.8421,9129.0256,6389.9457,3416.4814,62880.0948,3369.2581,6304.0917,21436.7611,1277.7257,49165.0013,13726.455,19561.6959,2804.1366,451.2493,11803.1316,13134.0996,,6069.1406,11577.7168,3943.0429999999997,26207.1767,6540.3096,3874.2344,3999.1076,12497.0733,11630.5684,32387.1241,42724.5773,7795.2626,26475.5522,1840.1551,2605.4389,8860.1543,3855.6349,2315.9811,6813.6186,19539.0001,8358.2894,15675.1586,7346.9139,45647.4945,,2382.9859,4187.3919,100776.0691,31660.9358,14382.181999999999,3624.2743,3641.3665,19930.2137,3207.0258,3875.7764,22474.123,31545.4902,11674.707,6207.0862,,3680.4657,2477.3896,2458.1623
1513.6922,5428.1230000000005,6667.6391,13342.0253,27896.6641,6094.2596,20718.7261,15746.9923,3497.1404,44095.2863,6604.6343,5845.2368,33519.1432,32261.0781,34695.6919,5620.0663,37846.6795,57128.0294,2564.4662,15046.8366,7666.2147,34376.3088,9592.1376,2942.0966,5747.8909,6354.4253,7754.2718,14426.9008,13689.1254,95790.5693,8762.5359,2013.9391,1453.7293,6728.0148,2296.3562,4370.0641,34851.5235,13456.4043,1562.9818,18432.9375,5646.5649,1652.1962,54689.4701,15717.3279,3726.8944,10098.9582,4609.3798,5334.4771,12381.7328,13681.0813,11554.7492,29243.7253,30896.4339,17102.2774,,1040.0925,36035.8916,3089.3806,11423.2296,2246.5635,7016.3408,11368.4502,9151.9726,11912.926000000001,8699.8491,15846.5316,3600.7874,14320.038999999999,1271.6873,27516.2,27916.6,9227.1372,31412.8129,32980.2964,21743.3467,2804.1824,3323.6093,,32517.4275,3699.1918,24609.7813,12481.3104,10041.6802,2475.0587,2355.9527,6257.9096,2745.31,5531.6346,31021.8521,14708.0963,35337.5252,3289.9591,5692.4727,16471.1413,13855.7672,35033.7532,29309.7412,31822.5239,10201.2057,27642.4318,11042.9628,9838.9976,3754.5025,3339.1639,20096.8619,4860.8175,107574.6633,2580.5572,4075.5824,14556.2666,8924.493,14130.6936,4971.4928,1074.6022,30038.8389,11380.8712,75660.7001,42327.6235,8678.4569,3203.6753,1602.5899,15842.0655,14894.8729,1857.8488,23683.016,4541.8199,13997.2236,21428.0687,5108.4512,3034.0125,20092.002,17965.1699,2351.0726,6536.2375,10722.9512,5803.8893,902.2893,1659.1471,2606.8011,39891.3061,25859.0463,5400.9411,1387.3736,4748.7991,10135.3281,45921.1602,55477.6655,26742.0059,4433.4761,60369.3923,5570.7789,6911.3297,13254.3654,4162.6066,6226.0117,8584.8542,6350.2443,14626.5805,22666.8929,35562.6308,125252.3653,10119.459,11024.3984,13249.8152,1431.263,12033.3369,9158.8333,6828.4706,3426.6286,63551.6579,3219.1212,6949.8554,20502.3132,1290.0535,52384.718,13714.4177,19845.4647,2369.7837,452.4984,11963.8949,13271.7275,,6507.0034,11708.458999999999,4028.0735,27231.3487,6814.393,3875.3591,3866.8137,12522.6469,10954.0352,33855.7118,44940.8025,7412.5036,27733.1375,1947.8229,2633.7511,9114.8413,4629.8796,2201.7670000000003,6984.8272,20292.7087,8478.1836,16374.1132,7561.5768,47151.8049,,2413.6004,4429.9529,107579.9525,32300.1419,14041.2367,3669.3793,3767.6143,20212.7768,3333.3944,3895.3103,23123.3691,32446.3379,12016.3506,6640.3376,,3669.2927,2477.8853,2201.31
1360.6623,5501.2954,7211.1963,13267.2094,27551.7656,6126.8065,19770.1114,14735.7845,3819.5132,40944.5663,6659.5117,5946.6841,33550.1359,32483.9727,34644.666,6042.1953,37294.4471,54929.3534,2606.6328,14401.6594,7988.9502,34090.8839,9518.0839,3009.4035,5965.2993,6301.4109,7747.0461,14359.678,13399.9605,96052.8225,9392.1127,2083.4970000000003,1431.0881,7014.9599,2382.5803,4527.8541,34665.047,13565.8916,1549.4409,18037.8672,6158.2939,1787.7553,53289.8881,15960.6289,3958.4735,9828.7842,4587.8008,5456.3917,12498.9538,13655.6088,11828.608,31132.3144,31832.3699,17502.8728,,992.5083,36378.0597,3059.9133,11243.7908,2283.6616,7173.8633,11972.0781,9483.3459,12019.2607,8728.8871,26554.9977,2998.6403,15089.9882,1300.613,27850.9,28266.1,8970.13,32225.885,33201.5188,22294.0662,2885.8415,3472.2474,,32834.3173,3767.3874,25558.7246,11744.3742,10004.6231,2515.7848,2408.6386,6003.831999999999,2653.8329,5464.642,30981.7596,15433.2636,35737.6716,3324.8885,5991.2114,16292.0873,13735.4262,35243.8559,29188.9725,32311.841,10125.5828,27625.2781,11402.9239,11381.9748,3825.1238,3096.8047,20542.9612,6411.3295,99847.0337,2775.099,4122.4669,14270.9971,9929.4835,14219.3786,4990.8236,1066.0942,28749.2119,12279.173999999999,79043.9547,42138.9586,8338.984,3283.2927,1485.0077,14992.9968,13263.8765,2046.3181,24268.5253,4487.6469,14465.1138,20937.7828,5171.44,3148.9646,19368.2734,17414.2285,2603.3117,6423.4115,10750.7901,6117.4326,959.5435,1716.4275,2602.1948,39307.9565,27058.9165,5453.6071,1455.0618,4833.1602,10264.8486,45702.4961,57141.4115,26832.1582,4278.4941,63132.9929,5514.77,5810.4312,12954.1274,3983.9129,6284.9909,8477.7974,6329.7971,14599.3384,22640.5049,36574.8481,122611.2488,10711.5996,11810.1963,14115.6541,1489.0969,11190.364,9263.8317,7269.3576,3453.0489,60240.3617,3307.9876,6918.7063,19448.168999999998,1471.5171,49741.3513,14089.1812,20368.6829,2140.9941,455.9577,11949.7194,12983.374,,6603.229,11694.166000000001,4050.4243,27734.402000000002,6677.927,3943.6587,4240.5409,12859.8044,11206.1535,33979.9531,43648.8486,7549.8857,26650.4183,2036.1679,2665.5611,9079.7593,4836.3215,2152.8320000000003,7074.3330000000005,20564.3755,8848.2214,14643.1865,7693.121999999999,46934.2655,,2530.2088,4961.5264,100555.2288,32904.3722,13409.013,3727.7008,3580.6174,20178.9938,3463.8197,3960.1587,22076.4316,32786.9688,12033.7686,6779.2494,,3829.5377,2626.6069,2175.4735
1905.2671,5679.4829,7386.1783,13529.4274,27221.9102,7015.0006,19176.0778,12112.722,4366.3026,36682.9547,6826.543000000001,6138.0127,34466.7034,33338.0273,35260.047,6072.927,37273.1556,52086.1639,2654.1856,14377.2394,8342.8378,34439.9812,9721.2774,3033.1803,6312.061,6299.9851,7923.6963,13257.9013,13430.4663,97439.5911,10128.7861,2103.4443,1435.7955,7047.2764,2402.2915,4573.4791,35309.3917,13728.6816,1510.93,17528.5391,6506.7305,1864.9216,51848.0889,15897.0037,4307.3382,9780.8466,4547.3618,5693.0927,12575.9049,15215.9844,11854.5075,31053.4936,32929.6093,17654.2255,,994.6898,36639.5762,3056.5069,11632.5698,2252.2505,7483.3101,12506.8604,9743.2881,11905.3564,8800.6259,29969.9081,3130.5912,16002.6985,1252.8155,27971.7,28399.7,9138.1117,32713.7612,32879.0479,22080.0835,2796.0206,3665.2763,,32497.1551,3802.5888,26390.9489,11820.4574,9961.9046,2643.7902,2334.0253,6123.0589,2582.429,5451.7967,30640.6518,16852.721,36724.4998,3374.6712,5823.1986,16937.9846,12255.0052,35651.4,28432.5381,32076.0465,9925.2864,27455.21,11582.9519,12569.1244,3698.7075,3025.27,21898.4005,6639.0271,93552.7026,2738.8292,4323.5345,13865.0605,10839.2035,14061.2171,4873.213,1079.2864,28472.2485,13290.3845,73314.0834,44422.1318,8248.6022,2710.9494,1488.4327,15751.8692,13517.0195,2105.1467,24477.2687,4348.5984,14504.3418,20274.8776,5190.038,3347.8855,19164.4219,17148.5977,2860.5502,6634.6185,10861.9469,6167.0014,1006.7812,1904.4461,2596.7519,38974.4925,27605.687,5336.9821,1477.4761,5824.1579,10328.2451,45665.3867,57593.0301,27450.4766,4258.8184,60429.4358,5569.2202,4803.8492,13351.3423,3933.4271,7575.1065,8717.3763,6361.0165,14673.6625,22742.8508,36508.6838,125487.6549,11203.2839,12389.2969,14780.0985,1631.2102,11137.1039,9721.912,7379.8418,3430.4335,55431.0434,3206.4747,7509.2983,18083.4597,1796.9339,50088.3843,14500.2172,20986.9069,1968.3906,461.2734,12063.4833,12553.793,,6671.9766,11776.7197,4144.1675,27951.0716,6860.5343,4167.083,4619.8505,12973.2155,10891.6436,34375.6865,42001.3556,7903.268,27713.2644,2100.52,2811.2726,9593.6405,4373.2703,2184.1899,7254.7455,21675.1964,8747.4794,15365.3984,7518.9327,46823.8955,,2637.5614,5302.1641,94741.2241,33638.8702,12412.1451,3776.8157,3697.6403,17574.3378,3612.8393,4477.2344,21596.0645,32781.9883,12108.8311,6866.8678,,3896.8673,2741.1412,2013.6298
2168.8481,5822.3813,7726.8622,14000.8225,27185.1426,6963.3214,20180.5122,13301.1398,4987.4281,38377.3152,7092.9839,6394.3975,35093.7744,34029.0781,35311.9759,6675.7715,35589.8016,51682.0956,2721.8684,14540.4168,8908.2201,34366.2166,10012.1588,3016.8823,6402.0624,6212.0147,8018.491999999999,14125.62,13232.2837,96634.1966,10475.8453,2199.5381,1345.2789,7098.4116,2493.4028,4640.5153,35720.51,13804.7607,1367.9367,16614.6641,6832.1704,2044.2647,49426.5962,15886.3513,4654.0486,9805.2302,4451.5351,5966.5697,12756.8878,15593.1936,12169.2783,30972.0878,33528.3774,18275.4576,,1020.4518,36865.8262,3065.8516,11036.7786,2284.0752,7816.4751,13156.2295,9708.6703,11903.0872,8830.3951,31632.0346,3067.1517,16901.9563,1275.4743,28280.1,28688.2,8956.1782,32761.9139,32871.7083,22160.721,2641.7704,4066.3843,,32239.5306,3872.5196,27555.2973,12811.618,9883.6836,2583.8702,2274.3385,6074.4481,2488.5289,5471.4422,31959.5247,17818.7634,36436.7912,3525.9836,5971.4702,17575.0271,7682.7902,36620.8084,28042.6591,31863.7187,10142.1199,27855.2216,11705.4806,13501.8731,3668.1356,3069.0026,22099.2961,6265.7605,105462.9485,2941.3433,4488.6622,13581.6279,11812.3355,11674.4179,5078.7037,725.4517,31654.1674,14615.6869,66800.9292,47054.649000000005,8178.6106,2903.8511,1516.8918,16660.0582,14626.6741,2372.9578,24809.0969,4437.1109,15329.1293,19092.8121,5189.1445,3405.054,19469.3047,17469.873,3069.7757,6937.8758,11027.5884,6395.8477,1062.1406,2062.5051,2643.2363,39407.873,28635.3817,5315.4792,1474.7393,6198.1533,10600.3242,46165.5938,58222.6498,27920.3926,4153.4668,56396.1671,5759.3897,5445.7566,12991.1855,3803.6963,6894.6982,8765.3791,6506.3528,14908.6422,22431.1275,37046.1575,121479.4284,11732.2708,13164.4629,15596.5119,1609.0382,11238.741000000002,10188.9949,7698.6674,3640.7244,58716.6597,3318.0333,7921.5903,16717.4192,1840.1809,50396.2045,15465.1329,21392.5228,2058.8446,466.2585,12114.8654,12460.793,,6907.8428,11868.6924,4327.8643,28284.935,7186.4616,4269.9819,4771.596,13570.1139,10448.1286,36095.21,43662.1769,7676.897,28390.9,2306.6623,2869.4983,10175.6875,4015.1805,2263.3011,7126.7303,24371.0375,9052.3496,15817.5224,7599.9321,47336.2759,,2688.2897,5919.4003,94644.3234,34883.5283,11816.7989,3825.0669,3656.0732,15879.5422,3783.4946,4680.917,21926.0273,33027.4297,12311.4512,6987.3288,,4091.4629999999997,2816.1781,1827.5199
2114.3031,5982.376,7990.4091,14064.9113,27927.6719,7326.6759,20819.008,14356.2262,5569.6932,40351.1901,7518.2441,6744.6514,36220.9897,35035.1523,36109.1535,6963.1901,34754.2562,51090.1376,2798.8073,14548.5798,9883.6665,35239.9231,9820.4368,3043.2763,6430.4409,6246.2381,8321.3208,13649.4282,13682.8609,94428.347,11149.7501,2209.6129,1330.0729,7075.7491,2613.715,4805.3911,36608.7719,13921.8516,1377.3816,16947.0859,7194.188,2647.4637,48997.7316,16382.3746,5107.374,10198.1146,4378.3145,5664.9198,12967.9758,16328.5871,12737.3689,30888.4716,34011.7854,18946.8165,,1056.7717,38463.255,3078.6706,10734.6852,2339.3337,8309.6475,14128.6729,10215.2237,11979.3468,8853.4179,37303.0535,2833.5384,17865.3193,1390.7009,28916.9,29319.5,9207.1076,34333.8862,33570.5678,20372.243000000002,2790.3552,4412.9934,,33206.6894,3941.7297,28854.8914,11987.454,9818.5893,2606.638,2264.2892,6438.8799,2368.0977,5539.9575,34289.9732,18414.2251,37688.7988,3743.6917,6179.2676,17584.4932,11804.1103,37776.2815,28988.8018,32149.316000000003,10172.2267,28580.7985,12347.1111,14436.5399,3710.2169,2925.5411,22910.6189,6241.3952,116389.391,3049.7715,4664.5147,14083.5586,12712.2998,14089.6426,5132.9733,736.5125,30949.0643,15715.5045,80141.7414,56151.9524,8504.0503,2940.9199,1554.9233,18072.8091,14673.4544,2124.2512,24721.7251,4511.895,16060.4021,19524.9139,5068.4426,3577.3821,20563.8066,18537.7324,3309.9061,7597.8067,11421.508999999998,6549.932,1106.9097,2295.1916,2689.6659999999997,40252.2518,29049.357000000004,5460.7478,1415.6305,6722.232,10690.1016,47442.1563,60439.2789,28655.6387,4149.4834,55021.6278,6006.0899,5762.8555,13491.9938,3770.4986,7074.2365,8768.3307,6586.1818,15049.8021,22572.4387,37196.966,129016.9987,12249.8917,14505.4375,17126.1253,1673.4208,11695.7568,10325.2586,7455.3335,3664.7484,61724.5681,3405.9535,8956.3269,15908.7573,1788.5108,53574.1288,14990.7,21951.8208,2179.5692,468.6479,12631.873,13066.0498,,7220.7456,12349.2607,4532.7324,28466.9791,7407.4725,4450.376,4894.3664,14441.6637,10880.8934,37152.5056,43951.1338,8036.4315,29861.5373,2331.8667,2968.9908,10707.7954,9261.6943,2154.7658,7128.3056,25592.811,9357.4122,17025.5906,7797.3604,48659.9417,,2694.0068,6696.0644,93141.1713,35477.1921,12371.5436,3998.7340000000004,3634.3226,18315.6096,3970.1972,4945.5234,23747.5137,33709.25,12777.082,6908.3678,,4113.6728,2911.9711,1731.6979
2183.4497,6164.6655,8393.5406,14546.1085,28529.166,8096.5525,22039.5414,15769.8295,6361.8204,32218.4283,7934.3154,7121.6563,36368.4289,35141.1641,36585.5454,8315.0097,34869.5694,51269.562000000005,2888.8875,14783.526000000002,10748.0807,35536.6328,9856.4022,3003.5495,6536.3603,6396.8483,8505.5201,14270.9867,13814.5039,92336.881,11816.326000000001,2321.45,1284.6437,7168.2306,2833.5639,4693.2423,37382.8923,14555.0615,1384.0227,17102.5098,7458.1768,2742.5525,49115.0086,17137.5114,5629.8632,10451.5237,4366.5359,5466.767,13178.0933,17290.0517,14100.322,31651.1301,34462.054,20169.8633,,1086.6393,40155.7408,3066.114,11872.4947,2424.7632,8837.7783,14940.0059,10589.7454,12322.1401,9091.4924,38050.2823,2754.3977,19955.5344,1503.1437,29370.6,29732.8,8854.8408,34834.0479,33868.197,20523.6574,2649.5839,4846.4215,,33377.4044,4069.4235,28179.1568,14697.8201,9815.7439,2674.8807,2301.7645,6323.7177,2342.5124,5700.2582,35763.619,18939.542,39727.4717,3982.5099,6643.9648,17582.4177,11898.8223,38616.2335,30209.5914,32249.8438,10100.3823,29050.2841,12848.0297,14960.8699,3834.9944,3007.7581,23402.007999999998,6520.6133,123524.1062,3055.5407,4825.7791,14476.4629,14396.8365,14418.1349,5489.6072,758.7356,33016.4387,17143.6306,83051.7945,56708.153,8778.8878,3005.7897,1560.3722,19772.1624,11674.1469,2278.4352,24871.2982,4751.9883,16166.1288,19696.6798,5135.4583,3724.4434,21127.8711,19245.248,3516.74,7970.8728,11786.3976,6610.9703,1164.714,2426.7889,2758.1124,40134.1087,28954.8907,5587.5485,1476.7281,6972.9699,10985.0117,48528.332,62855.6963,28682.9453,4149.1011,52562.2407,6240.7716,6359.6613,14143.3338,3805.2184,7027.4683,8985.8377,6717.0116,15608.1156,22763.1966,36471.0915,120893.4318,12827.8889,15392.457,18177.2229,1769.3681,11147.322,10458.3688,7805.1381,3847.4898,62871.0534,3504.2854,9594.2517,16916.8598,1815.2425,55809.0726,16299.5635,22693.2651,2396.2724,470.7345,13077.9691,13520.333999999999,,7622.1563,12785.1973,4755.1924,28682.3749,7746.4535,4585.2051,4822.787,14712.0359,11533.8082,38288.7983,45935.6247,8232.0732,31069.9803,2316.0643,3044.0357,10930.1453,13604.2881,1985.9660000000001,7085.0314,26544.5071,9413.3702,18267.7812,8643.0751,49784.2129,,2888.6453,7061.6131,85116.5675,36259.8162,13557.502,4151.6919,3638.4190000000003,20197.5954,4164.9355,5102.6816,24694.1016,34070.5234,13190.8623,7060.2644,,4300.871,2957.2708,1635.4188
2301.3995,6339.0605,8883.4666,14472.1614,29216.2988,8602.3643,24499.7808,16557.2339,7301.9424,39543.1483,8438.5342,7581.688,36775.6367,35476.2734,37885.0342,11134.2785,34825.0287,49832.8081,3008.8341,15207.8999,11774.5409,36082.6191,9928.9582,3020.7985,6672.4055,6570.0248,8785.4857,15250.0308,14095.8761,95298.6737,12301.806999999999,2377.8868,1308.2246,7625.4919,3029.0875,4799.1078,37907.4827,15406.3105,1428.04,17510.9766,7885.1035,2584.6318,51333.3487,17273.598,6334.8711,11098.9743,4359.1958,5899.201999999999,13888.1636,17961.1171,15723.4474,31500.0191,35183.8394,21075.4409,,1111.0976,41870.5508,3366.2417,12945.8087,2511.8958,9511.126,16008.2764,10830.4068,12883.7662,9380.8071,37669.43,2643.6554,21756.6581,1620.3056,30273.2,30646.5,8788.4614,36291.3277,34409.9143,19013.4431,2575.9567,5386.1301,,34960.0102,4136.3379,29452.5663,13658.1155,9975.0834,2608.9057,2286.1396,6471.5283,2365.1642,5842.7966,38530.3269,19453.744,39427.4495,4267.1721,6952.2948,17727.211,13757.6749,39692.9869,31390.7903,32822.8829,10323.854,29530.1721,13335.2033,15909.3205,3977.7774,2939.1893,24400.7536,6777.6256,129058.9123,3191.4038,4645.3484,14949.6582,15597.8558,14441.4552,5591.0513,839.5863,34003.3166,18480.1742,74107.4018,58585.235,9435.6996,3032.4478,1582.0995,20780.3878,14318.0519,2479.7282,24701.826,5511.67,16040.6279,20170.0789,5071.8605,3831.2712,21867.7852,20085.1367,3582.1101,8490.8742,12753.402,6973.0426,1198.5362,2710.6146,2799.3637,42648.0742,28917.2015,5615.604,1518.8431,7136.7435,11299.4512,49699.5508,63402.038,28874.2383,4028.8628,53080.4047,6354.8032,5948.3045,14889.0825,3661.1414,7488.993,9234.5184,6879.8323,16337.2411,22563.4372,35920.2092,128010.1248,13825.1445,16668.9648,19679.7084,1858.9913,12143.1548,11352.2578,7804.3269,4297.3139,62737.3185,3480.4906,10102.9053,18355.0844,1843.2347,59080.1858,17788.3455,23768.6652,2324.8827,469.7484,13612.386999999999,13977.4502,,7985.6035,13316.8584,5008.8511,29134.3585,8218.1454,4706.2754,4759.6895,14841.1551,11209.8839,40512.6285,47591.1739,8231.8317,32442.4622,2644.5887,3171.7754,11451.264,20972.7339,1980.3569,6832.7808,29856.6442,9769.5054,19150.1884,9369.9392,51031.3156,,2984.6776,7629.149,81102.1561,36827.5344,14117.7674,4324.6733,3860.9869,21787.4868,4354.3545,5211.415,25837.8555,34997.2852,13715.6904,7335.5407,,4565.3602,2942.4135,1540.3463
2581.5471,6545.1543,9340.677,14988.1963,29227.167999999998,9506.1045,26789.1047,17515.1876,8367.2139,35404.8121,9021.4482,8161.1709,37174.0766,35955.875,38963.8926,13531.2158,34410.0337,49452.5188,3133.6502,15813.5981,12645.4687,37010.5481,9405.924,3105.722,7599.7319,6680.956999999999,9109.3443,16297.1717,14738.1149,93820.8338,12506.3072,2404.583,1298.0918,8131.8786,3230.2309999999998,4859.2412,38061.407,15815.1406,1463.4191,17744.543,8385.9307,2957.9391,54171.3072,18052.1593,7200.9293,11521.5474,4253.7112,5855.422,14736.6383,18915.9855,16696.0834,31355.4077,37004.8727,21981.3352,,1146.4552,41431.1977,3410.1238,13751.287,2623.6521,10332.1563,17209.5977,10774.721000000001,13427.6921,9655.1945,41711.74,2614.4661,23009.2497,1748.2233,30842.9,31266.7,8750.2544,37756.9352,34933.1885,19856.004,2561.3765,5954.7697,,35915.1413,4144.7348,30112.8619,14083.6855,10269.652,2715.1031,2294.8038,7092.7306,2368.0117,6022.7536,41051.5164,18687.9619,42805.3148,4588.3071,7595.3616,18522.5417,13806.2887,40449.9071,32658.0423,32946.2625,10314.5501,30058.896,13908.6502,16953.5279,4119.0546,2903.5955,25535.2833,7377.8640000000005,128589.4189,3429.6392,5399.0629,15483.623,17355.1031,15899.9635,5691.964,1115.2013,36545.7909,20390.3488,89086.9845,72769.079,9108.52,3163.6456,1682.4301,22198.2429,12502.0292,2605.2207,25666.8687,5468.5627,17009.5503,20345.3591,4950.468,4100.813,22296.2012,20550.7129,3572.9447,8991.9663,13560.9292,6996.5479,1268.7845,3163.6047,2890.4876,43835.4554,29767.8679,5776.38,1515.2275,7192.607,11777.082,49129.2266,63881.7049,29262.4102,4219.9565,51985.6328,6346.8515,6212.664000000001,16768.0995,3922.7829,8231.8561,9854.4657,7178.7617,17197.4991,23069.1244,35296.3974,124334.351,14827.9977,18200.8086,21441.3109,1920.9935,11551.7457,11779.944,8390.7787,4329.3848,61556.7062,3556.5408,10558.0903,20017.4353,1879.3672,62908.9575,20144.6208,25177.8963,2587.2686,469.4829,13902.1443,14632.1113,,8549.2891,13635.5254,5312.5962,29336.6684,8725.4665,4839.3853,5124.7695,15684.166000000001,11505.5952,41527.8993,45223.9542,8371.2219,34279.9681,2916.2232,3291.1722,12013.5948,23629.8218,1906.6928,6764.3064,30647.7635,10092.3789,19735.8795,10112.6321,50380.937000000005,,3120.1538,8421.5094,71204.9453,37009.0028,14955.9335,4595.9248,3876.0857,22905.5382,4556.5675,5256.1987,26225.5488,35474.8867,14166.1953,7347.8577,,4828.0837,3116.4759,1451.7625
2597.4626,6719.1997,9707.1481,15061.6897,28932.4863,9713.3316,26232.3171,18592.5177,9076.9999,40416.1362,9301.8623,8426.8945,37914.1523,36444.668,39586.1372,15560.4002,32953.0222,46967.8014,3234.9697,15568.4062,13933.5922,37144.4069,9239.9874,3187.216,7429.6913,6974.7171,9684.4817,16867.877,15150.2361,89935.7816,14065.7095,2457.777,1300.8126,8367.1239,3337.1392,4926.3416,37618.1372,15926.0225,1479.6904,17649.6016,8571.3047,2879.7276,,18764.1458,7735.7373,11700.7928,4267.4356,6404.736,15237.9664,19149.395,17172.1126,31012.1402,37048.4309,22164.121,,1179.0989,41284.1158,3501.3296,14098.5304,2687.0667,10678.8057,17979.2129,11453.8563,13730.1766,9721.7357,47439.4915,2286.1355,21748.6965,1847.859,30699.9,31138.9,8758.6775,37459.2787,34528.3826,18456.9855,2703.0372,6112.2726,,35842.3934,4469.4564,29557.7986,14021.9067,10227.4348,2761.9448,2292.0443,7297.3574,2345.9889,6002.1858,42670.2416,18577.8107,32820.3784,4722.4968,8471.7809,18177.7882,15505.0663,38127.1255,32070.314,31775.4879,10226.6465,29251.7714,13967.3769,16932.4426,4019.6238,2721.0051,25579.3722,7799.4763,118949.2237,3461.7222,5649.7394,15831.3945,16910.9134,16776.3576,6008.8021,1150.2746,40520.4595,21122.3482,81412.0033,63029.0852,10084.0733,3246.8279,1739.0876,24139.7421,13438.2566,2774.6258,26759.8722,5332.7297,17410.0091,20173.5096,4874.1237,4219.8296,22414.8711,20909.4043,3861.6076,9457.6614,14592.5596,7245.0037,1325.6416,3467.4548,2991.8825,42868.3059,28915.6364,5865.1915,1619.3377,7428.2221,12158.2461,48075.4336,63178.9302,29630.0234,4234.1396,50906.6557,6299.3282,6348.5238,17978.4026,3956.3307,8704.0497,10660.4496,7260.4897,18123.8182,22646.4237,34525.4973,121479.837,16417.2229,18918.0625,22291.885,2056.5538,11649.0249,11887.3329,8209.3686,4393.6136,63173.2527,3606.0478,11234.567,18777.5527,1966.9718,61874.5149,21670.6385,25666.533,2498.1909,468.8058,14049.1322,15162.8574,6065.6606,9050.7617,13792.5576,5410.9844,28948.0296,9057.3341,4965.3047,5379.3016,16168.9459,11200.2669,41734.5759,42393.3253,8308.1389,33891.5643,3022.9171,3405.8565,11908.6225,27092.7917,1941.2234,6934.8143,31257.833,10295.4628,19395.3794,11286.6367,49262.195,,3328.0209999999997,8671.4519,63335.4954,37015.5726,15789.0472,4860.0516,4216.7804,23662.7346,4695.0406,5429.1187,26516.4746,34998.3008,14289.6338,7222.5518,,5032.6179999999995,3133.2352,1336.1641
2889.4320000000002,6708.3926,9734.8761,14781.5191,27494.042999999998,9225.6446,22329.2436,17046.1243,7583.0421,35659.0942,9397.0928,8592.9961,37848.1513,36493.625,37018.7685,17019.0996,30122.1539,40786.8157,3315.2329999999997,15307.1862,13629.3893,34755.2238,9435.3047,3138.7663,7613.116999999999,6944.571,9377.5548,15659.5929,14754.6656,86381.0499,13527.8623,2432.4782,1278.5056,7959.8334,3236.4921,4821.7864,35126.6734,15547.0547,1484.1812,16288.3291,8842.4658,3022.1417,,18214.9289,8359.0344,11504.1336,4307.9316,7148.0126,14481.2221,17414.0206,17180.1512,29043.3531,35227.8997,20403.4205,,1118.3571,38797.361000000004,3510.5488,13897.5823,2770.4656,10941.9414,16514.9551,11153.4063,13689.9307,9132.9168,45024.2718,2319.8325,18170.6085,1959.3083,29168.2,29498.5,8680.4745,33908.1798,32878.5774,16982.5909,2880.2079,5890.909000000001,,33844.5428,4389.719,28505.4757,12246.1839,9875.6098,2573.6312,2295.3674,7482.7899,2303.3011,5705.9682,39425.8751,17113.3374,30039.2051,4907.2385,8932.7754,17737.6563,15706.7003,33972.0464,31543.9414,29821.9084,9451.1668,27226.624,13887.4782,17522.1698,4005.9595,2735.8446,25132.6208,7788.012,100774.1385,3500.7483,5853.741,15081.7148,15912.7824,17460.3496,5907.6249,1176.0827,39623.4058,18671.605,52941.9257,61226.9165,10059.7484,2990.2105,1831.1485,20885.2097,11704.5582,2951.5173,24154.4018,5062.1693,17083.4254,18498.4862,4946.0193,4103.8633,21341.0059,20047.6348,3408.1614,8817.681999999999,13276.1769,7629.3754,1409.1477,3832.3546,3050.9116,41387.6916,29487.1801,5489.922,1525.6829,7633.9854,12087.8486,45793.6445,60351.0271,29670.6309,4310.3232,49127.2915,6265.7843,6451.2707,18035.0488,4107.0494,7968.1067,10456.4833,7148.7205,18158.9791,21851.9486,34043.6418,115235.7663,15333.4408,16927.9746,20164.1069,2102.9336,11725.6902,11672.5766,7731.9062,4337.4752,58577.424000000006,3533.3505,11017.1284,18165.0097,1996.9689,58907.4815,20173.1895,23093.8872,2449.0323,467.4368,13847.2024,14595.1914,6322.9683,9023.0488,13557.707,5541.5757,27755.4784,9417.936,4966.7573,4978.2983,16190.0659,10922.2728,38564.4766,44855.7385,8514.8452,32661.9347,3078.9511,3475.5285,11664.5697,25293.1705,1979.8953,7081.6866,29085.7316,10375.9789,17701.8846,11542.8279,47012.6707,,3406.9354,7045.8432,52337.9052,35244.2702,16175.8532,5087.4098,4121.405,21936.8143,4823.7239,5515.7119,24977.4902,33206.3594,13889.1182,7415.9993,,5270.7708,3215.4998,2186.051
2982.728,6832.6021,10119.1347,14589.2464,28204.0117,9294.8469,20562.0567,19162.5591,7738.9299,33415.2465,10024.7656,9209.2441,37612.269,36265.9727,37873.1131,17758.3682,29563.564,40273.1183,3441.3153,15149.0634,14603.7667,36808.7965,8973.091999999999,3086.5283,8041.6675,6980.6369,9262.1607,15911.7417,15388.6611,86711.8868,13669.8303,2558.8476,1291.2046,7622.8573,3316.547,4867.8363,35938.3585,15701.623,1523.3056,16915.2422,9149.6533,3307.5303,,18931.3713,9124.1978,11848.5139,4324.2278,7577.9601,14882.8521,17284.5796,17404.7211,28257.7969,33599.8028,20682.3716,,1140.4327,40154.8712,3495.9864,14742.9665,2894.7266,11848.5615,17008.1621,11199.5502,13571.4169,9140.7354,37773.1031,2316.2228,18158.9405,2143.6228,29680.5,29982.1,8567.8834,35025.8343,33497.7366,16750.6194,2975.5409999999997,6168.8878,,35247.5098,4600.5814,25593.555,12433.9458,9810.3074,2647.8544,2359.6098,7838.9366,2178.7871,5709.5756,41538.4775,16734.5624,29584.2498,5273.5689,9573.043,18353.6469,15574.167,34119.5771,32892.428,30043.4589,9353.5872,28700.9637,13051.8374,17955.8001,4179.0211,2625.2139,26868.5027,8007.5883,91426.1199,3289.3002,6093.2372,15672.2217,14146.3891,17875.9545,6195.0404,1220.401,41104.6677,18351.5619,59419.9555,74253.9342,10201.3805,2901.2033,1870.1771,22941.1019,11866.8396,3183.3782,25204.1806,5122.3352,16550.3241,19342.0138,5058.045,4123.6748,21742.6289,20376.3105,3747.7374,8658.0902,13445.7954,7753.9052,1434.0323,4224.1452,3086.7322,42018.2606,29275.0041,5574.1351,1595.692,8008.7892,12113.2285,46834.3086,60480.2961,29519.5059,4606.416,45662.4867,6242.8832,6659.6714,18047.5174,4526.4852,8890.9356,10986.706,7472.0609,18569.5049,22302.517000000003,33852.1998,117910.9003,15300.0693,17650.3516,21040.9655,2179.5142,11404.3264,11154.6106,8023.5091,4498.6642,58598.9071,3571.6568,11043.5163,20195.9697,2027.7276,67043.7128,20690.7965,23211.2399,2725.5993,465.3493,14309.6131,15216.0059,5982.3296,9667.4111,13992.042,5860.6802,27683.6798,9942.2983,5135.9194,5392.445,16227.3925,10732.9748,40453.3852,48085.564000000006,8618.1653,36105.172,3658.5755,3589.3474,12400.0725,24819.5247,2032.2504,7324.7093,29782.0941,10476.4203,19163.8082,12215.6486,48086.8382,,3569.9801,7196.7001,48490.4114,35412.3547,16885.925,5348.0786,4002.9078,21104.2317,5014.2909,5748.5439,25514.8984,33823.9023,14436.8516,7403.8398,,5672.1927,3232.4751,2438.698
3077.3247,6705.8931,10325.4678,14591.5498,28710.9648,9246.6436,19645.6959,20911.1461,7979.9399,33035.727999999996,10500.4893,9633.9521,38115.7456,36802.6719,38440.5388,17079.535,29176.8655,37722.6481,3579.8809,15276.3439,15347.9736,36186.1097,9359.5236,3096.0835,8301.4706,7194.2004,9317.593,17191.0415,15757.9313,88280.9616,13935.9169,2651.6665,1297.0678,7820.839,3459.8235,4906.1638,36762.5174,15646.2646,1559.6313,17194.0117,9710.5645,3387.1132,,20055.7673,9780.7033,12283.0444,4401.1879,7344.5241,15178.0936,17403.4159,17749.5254,27428.2809,33868.558,21078.4604,,1195.282,40234.3871,3543.4809,14852.636,3002.9788,12443.8457,17955.7949,11952.9684,13551.5042,9193.1461,38951.6223,2466.7661,20024.4441,2288.2358,29997.1,30340.4,8646.1895,35414.1894,34054.0389,18666.258,2629.9339,6543.7447,,36748.443999999996,5138.4614,22200.1842,12524.5222,9825.3106,2738.0661,2433.0445,8057.4268,2238.0892,5754.704000000001,43538.2025,16695.84,32085.4553,5560.6487,10137.9273,18563.6141,16040.3125,33799.1016,34376.1715,29959.6345,9405.8394,28849.9644,12648.9569,19148.5788,4315.747,2607.0191,27426.3522,8293.8344,92159.4131,3301.5415,6390.2301,16116.4238,15153.0564,17071.981,6220.6754,1331.6708,13643.4023,19431.2114,55995.7083,85405.4424,10490.3649,2853.2094,1849.4111,24352.1474,12402.9314,3344.7222,25530.7375,5165.2004,16952.5281,19631.7236,5110.7323,4197.8198,22541.0332,20672.1035,3958.1315,9605.6308,14073.1651,7989.821,1522.0051,4469.6659,3137.8725,43076.2605,29950.2114,5787.3533,1573.7968,8143.8222,11268.4131,47608.5898,60271.1818,29921.8184,4684.8188,41973.1366,6274.0365,7257.6126,20344.3131,4615.501,9233.0103,11484.2741,7619.6647,19441.3397,22114.8418,33702.592000000004,123414.1884,15476.498,18959.7617,22622.3312,2276.1845,11566.2855,10995.2525,8263.4422,4536.904,61609.5927,3460.8819,11030.6364,19672.2509,1967.021,69463.9093,20832.035,23309.7413,2764.7933,464.3111,14657.2079,15770.1963,5922.1233,10097.9023,14362.4795,6107.8228,27090.6467,10642.655,5244.7285,5454.7203,16209.5721,11044.8862,40582.5695,46060.2589,8206.5237,37086.707,3712.1477,3749.7108,12575.0948,28107.584,2237.9845,7621.1036,26440.7238,9984.5703,21029.1509,13650.4643,48861.7508,,3612.4073,7624.8,49632.013,35636.4035,17839.5564,5625.0827,4027.8713,21153.4129,5205.2496,5852.3047,26755.8691,34083.3008,14827.5518,5843.7919999999995,,5762.5728,3420.5504,2755.2434
3284.6069,6906.1479,10211.184000000001,14623.6608,29191.002,9688.7826,19962.8861,20764.352,8362.2932,34255.636,10894.4873,10007.2227,39272.2542,37840.7734,38113.1605,17315.3145,29458.6989,43209.7592,3710.0147,14417.423999999999,15558.6874,36523.9221,9337.7016,3116.4546,8404.3071,7210.9141,9295.4848,17637.9738,15871.0886,87174.8544,14327.8952,2717.7131,1320.6365,7660.4037,3587.1993,4943.218,36823.8209,15748.5781,1621.0245,17475.7988,10222.0928,3689.3747,,21160.2727,10579.9164,12589.198,4389.1685,7775.6523,15672.876,17051.7641,18166.9073,26330.2366,30961.4573,21161.3999,,1246.8129,40142.1437,3619.9977,14942.3078,3082.6807,13174.6699,18285.666,12334.0735,13576.6801,9105.735,40955.3441,2585.8042,21091.1717,2400.6803,29656.6,29958.2,8651.1243,34457.4012,33491.8085,18282.4834,2715.1144,7213.2968,,36654.4537,5452.2679,20770.7789,12132.836000000001,9878.5471,2814.6393,2277.2948,8460.6594,2266.208,5808.584,43092.2719,16200.9717,33599.9858,5690.3226,10499.6964,16369.8198,17497.1549,33651.204,34140.4001,28780.7644,9422.1443,29492.411,12263.2893,20150.9894,4376.1533,2673.3515,27691.6197,8580.6186,92668.7023,3465.7673,6696.9253,16338.0391,15702.5773,16401.0407,6449.0378,1260.1407,35407.9716,20577.9773,53732.6077,89040.1393,10244.4846,2783.7109,1841.8353,24281.4623,12016.6597,3609.81,25643.4114,5491.6065,18434.3371,19959.993000000002,4909.8424,4372.4453,22414.8438,21377.6641,3986.8506,10814.0841,13688.7893,7933.9204,1564.4944,4661.7276,3189.8021,42356.4466,30332.1552,6003.3257,1683.0379,8326.6835,11802.7813,48650.4922,60900.5388,30711.375,4702.2983,42163.8649,6336.8195,7440.6328,21481.9511,4663.9227,8699.5322,11939.8485,7889.9112,19627.3438,21044.6495,33544.492999999995,119584.248,15521.9618,19466.3281,23321.8852,2400.7154,10987.0509,11247.9847,7985.1423,4518.4381,61845.200999999994,3487.2588,11025.9686,21508.3561,2214.3663,69682.4685,21526.3505,22031.0963,2836.3577,462.3914,14547.8268,15980.2793,2597.1488,10395.5879,14288.4141,6122.896,26461.0194,11462.7143,5299.8892,5390.0431,16771.0465,11314.4111,40473.3032,46432.5027,6487.7893,37388.9509,3969.4597,3826.7116,12943.8999,28148.0757,2183.132,7254.6254,27454.2256,10309.3431,21600.4149,14759.4371,50023.9906,,3580.1290000000004,7457.9725,50980.1321,35284.8024,17457.6228,5903.7636,3864.6155,21877.7035,5346.5286,6022.8735,27344.1074,33597.4805,15115.7803,5863.0389,,5976.5586,3599.0214,3059.2313
3379.1868,6819.2017,10450.0555,14654.663999999999,29320.9434,9789.7093,19577.397,21610.0147,8599.7058,34616.7026,11413.2285,10492.1299,39563.401,38253.5,37693.9356,18148.8863,28379.5776,45027.2264,3835.1262,14986.0851,15438.3631,35955.8248,9121.6161,3235.4332,8128.0281,7507.3972,9658.0597,18735.8441,16296.9754,83230.1141,14341.6074,2743.7196,1344.838,7601.8295,3713.0098,5039.9534,37278.3327,15883.0654,1013.7669,17214.3535,10893.708,3325.7155,,21795.6276,11536.3874,13018.9105,4696.7297,7910.581,15629.6816,17346.9353,18557.8273,25669.7884,28215.0323,20957.9131,,1235.6683,40854.7892,3694.4773,15202.6599,3137.6851,14081.3672,18367.3477,12686.681999999999,13564.4886,9071.9325,37328.8531,2609.9266,21840.9421,2558.9682,29654.6,29933.9,9085.4885,33837.0226,33577.7192,18562.7575,2787.8155,7491.6756,,36694.3196,5714.5991,19751.1867,12469.4181,9938.1439,2734.8669,2335.8249,8741.2473,2289.6951,5751.4459,44289.6921,17282.7704,39040.7255,5916.7344,10654.8963,15323.9358,21610.6815,35726.4498,35506.1819,28010.7688,9217.6905,30497.5383,11968.7178,21805.222,4207.0788,2779.3309,28004.2227,8788.428,88121.1424,3490.9669,7042.4286,16593.6309,16518.2461,15719.4305,6495.6459,1281.1759,16087.6964,21616.1337,52123.6886,95945.665,10616.3339,2730.3911,1800.5503,24749.9988,12409.425,3776.0965,26594.0899,5640.3754,19703.2993,19592.7334,4677.5927,4337.8467,22742.3301,21690.6289,4352.4189,12121.4322,14184.123,8222.18,1628.0061,4988.7387,3283.3609,41691.974,31356.7571,6132.3889,1702.521,8551.5558,11277.5732,48756.2344,60541.5768,31025.375,4811.0093,41203.6619,6425.5851,7407.8236,22493.7407,4741.036,9875.9545,12385.4276,8268.0539,19778.1439,21301.3773,33157.5884,117438.1728,16021.0382,19411.6191,23231.2231,2426.8366,10762.3791,11380.3321,7744.017,4669.3983,60452.7331,3478.6214,11334.8032,21084.1709,2589.9412,71360.996,21850.7175,21721.9843,3030.4597,459.7762,14393.2148,16436.8516,3380.5474,10594.9873,14224.7734,6257.8345,26221.8838,11658.8134,5364.6191,5246.6311,17281.4031,11770.3858,40866.9482,46502.1652,5005.3841,37813.7382,4139.5493,3997.7212,12831.5847,24593.6809,2261.7337,7206.4408,29123.6832,10412.2694,23040.9691,15865.9756,50094.7487,,3585.3544,7452.6255,53417.0097,35485.2896,18654.9215,6190.2241,4109.856,21849.9844,5508.6883,6201.021,28315.2012,33488.4648,15408.2529,5858.2487,,6052.71,3634.7562,3098.7195
3351.8462,6947.7124,10390.3899,14911.9841,29564.7188,9844.3226,19836.457,20670.3982,8850.0557,35502.4459,11931.5586,11019.3262,39643.519,38446.4063,37427.698,18461.3012,27156.1692,45554.4937,3988.8767,14918.4128,15840.002,35879.4913,9073.3984,3342.6919,8543.203000000001,7806.8846,9754.0417,19077.8367,15973.1794,79069.0844,14516.2009,2730.6398,1349.645,7323.3805,3840.0845,5173.0486,37639.0075,15946.0273,1036.1028,17402.4883,11307.5137,3316.6805,,22053.9353,12568.9824,13417.8949,4712.4324,8273.2325,15827.3303,17136.5804,18610.8216,25315.7703,28100.5509,21334.3301,,1416.5178,41760.7509,3774.4089,16033.2514,3217.0183,14998.6982,18574.8359,12894.4448,13932.697,9025.4736,35972.3909,2684.5412,22430.3808,2717.1344,30062.7,30352.3,9234.564,33700.5623,33766.8544,18734.2501,2710.6135,7991.0199,,37108.0125,5728.5002,20232.2663,12813.1104,9968.6693,2808.9429,2308.9482,8899.9835,2296.2033,5725.9952,45152.5804,18528.4604,39696.8226,6208.7405,10833.7369,15560.8121,20419.4318,38815.9687,36738.3875,28082.0913,9151.7523,30695.0425,11675.9655,22481.8237,4214.853,2676.9926,28356.2408,8827.0918,84602.1356,3527.8745,7382.1792,16460.6855,17239.4065,14978.5411,6516.4069,1417.7569,12337.5526,22945.2382,53046.1934,93964.15,11028.5959,2718.3965,1851.1224,25506.6084,12755.8823,3975.8383,28577.2837,5615.0438,20132.2777,19839.6534,4283.8813,4471.6343,22964.2969,21873.3789,4489.3704,12579.2889,14252.5272,8277.7433,1714.3223,5201.7356,3356.0283,41027.4069,32125.2179,6292.8752,1777.2931,9043.0578,11426.8672,49746.8008,62094.2855,31182.0977,5019.1909,38382.6407,6538.683000000001,7242.755999999999,22696.2537,5018.6182,10181.5441,12393.5634,8539.5213,20260.5839,21468.9532,32657.607000000004,115336.2507,16722.0527,19431.998,23350.357000000004,2525.2778,10099.5289,10965.6696,7966.4892,4944.7898,60444.1787,3500.0447,11144.1653,21536.4876,2668.7925,71719.5476,22170.9116,22670.7933,2898.4598,456.7356,14190.73,16163.5215,4051.228,10811.6357,14070.9443,6508.3306,26839.6991,11972.7217,5508.1978,5464.7386,17286.0248,11771.851,42313.2558,46160.0136,5341.7492,38967.9513,4282.9085,4142.7923,12984.1303,16693.9046,2332.2842,7344.1966,28447.6983,10649.133999999998,23621.322,17116.9316,51164.7515,,3619.0431,7109.0678,54596.3032,36048.4863,18866.9253,6503.3421,4113.415,20646.8378,5715.1687,6491.8442,28500.9453,33860.3281,15783.4072,5028.8234,,6089.2327,3890.3748,3079.6601
3184.7875,7021.2207,10490.2019,15098.8997,29508.0449,9511.7095,20324.7404,21037.5795,8920.1569,34589.6242,12359.7959,11442.0576,39932.9666,38802.5547,37067.7173,18019.4748,25847.4583,45401.4006,4175.5746,14992.4619,14935.5997,35791.5977,9381.9879,3394.0573,8693.3272,8146.6063,10099.3614,18223.2864,15015.8925,76978.0213,14960.1908,2732.2807,1303.6971,7324.3069,3970.28,5336.0535,37201.4217,16339.2051,1094.0167,17383.4121,11772.5928,3347.3441,,22360.4924,13311.252,13786.7814,4556.2784,8301.1852,16228.3367,18208.0581,19408.3508,25493.6339,30107.491,22566.1357,,1446.1187,41958.4562,3929.3477,16984.229,3282.0598,15676.2637,18379.6738,12567.9703,14463.9437,9074.5603,30933.6232,2757.415,22944.1836,2838.0490000000004,30541.3,30833.4,9557.0916,33597.0834,34030.4205,18783.2527,2733.0874,8203.8727,,37615.2107,5796.5248,20051.3211,13555.3854,10067.6292,2859.3791,2333.9841,8899.902,2270.3423,5775.147,45660.4193,19485.2477,41943.0097,6564.5147,10897.0072,15199.8991,20366.5597,38705.8712,37097.8359,28147.6751,9004.7333,31299.7481,11387.5694,23507.9671,4325.5257,2833.2626,28781.6881,9108.8931,85472.8219,3575.1691,7700.7246,16138.1084,18033.2774,14408.3424,6773.8089,1506.0204,11778.462,22789.3495,54447.0024,74753.1133,11192.271,2686.762,1831.9157,26163.4295,12449.7819,4156.8812,30880.0499,5650.946,20459.5824,19761.3221,4387.1892,4421.3716,23243.1582,22244.2656,4276.5415,12492.9189,14895.2083,8572.1405,1750.9435,5486.8649,3323.1827,41708.6897,32820.133,6439.1004,1779.6629999999998,9113.851,11696.5381,50270.5039,62361.8958,31448.1543,5183.8179,37618.1883,6679.2827,7332.8828,23457.1243,5208.709,10293.1642,12497.7985,8857.2586,21029.6473,21734.6825,31939.2195,114107.5572,17249.9286,18717.8828,22502.1406,2658.0956,10072.9393,11338.3908,8189.4081,4910.6054,60707.4104,3618.7844,11138.2556,22302.7341,2025.3016,71324.7098,22643.9001,22616.861,2820.4659,453.4289,14135.0136,15653.6689,4115.265,11015.543,14016.2793,6779.8613,27963.231,12567.2671,5532.5864,5471.0271,16696.7379,11997.7773,44295.8538,47141.863,5291.0571,38786.3564,4338.2202,4252.6135,13254.1986,13953.0888,2454.8973,7525.6631,30304.0419,10692.7105,24424.4784,17777.5444,51806.6405,,3692.1446,6563.4348,55991.8582,36218.6679,19169.5558,6844.0464,4057.3318,18946.5806,5985.1869,6555.9009,28861.7129,34291.6289,16038.0723,3531.8486,,5982.2296,3905.4334,3030.762
3124.5387,7029.5991,10811.1577,15607.5817,29400.0039,10489.7129,20876.6758,20128.4889,8625.7819,33916.1022,12821.2617,11904.2549,40180.6193,39136.7656,37713.0816,16749.1948,25318.5196,44662.0328,4380.8408,15180.6757,14491.2253,36510.2518,8917.5386,3459.9317,9109.4487,8433.655,10362.1797,18599.056,14222.7084,73123.7605,15564.8256,2803.2044,1282.4301,7425.0378,4128.4697,5390.7644,37301.6258,16217.707,1131.9609,17591.7559,11580.9922,3115.4523,,22409.4703,14080.7231,13813.2661,4526.1906,7922.3768,16484.5172,18213.0211,19092.6658,24832.3526,30273.8155,23147.0346,,1445.7124,42095.4912,4025.7929,17741.9858,3344.5754,16374.9844,18316.3164,11942.4864,14828.7251,9074.815,27048.7056,2784.0719,23409.6672,2943.9473,31074.1,31399.6,9444.6079,34131.5458,34105.0396,18852.7055,2642.3362,8222.2545,,38195.3507,5800.496,20095.5384,13571.4597,10037.0589,2948.0236,2387.2113,8950.7556,2255.8712,5718.4825,46286.4271,20519.5239,45678.3989,6883.7854,11291.8176,16750.0693,21901.5091,42323.9498,37799.1872,28733.5236,8888.0594,31568.6736,11171.9865,22380.6108,4467.9237,2898.139,29385.3585,9387.8535,87914.1083,3596.2515,7991.9879,15680.5566,18741.9382,13947.243,6845.3707,1451.3462,11684.5041,23473.4085,57012.19,72875.4272,11324.0587,2693.3261,1839.3758,26526.8447,12850.8655,4346.5196,31373.9704,5503.0968,21022.1791,20030.4086,4445.6827,4536.0874,23872.9648,22553.7969,4434.1288,12386.3542,15037.1867,8687.0851,1745.7939999999999,5764.5292,3225.6563,42119.7825,33613.3295,6580.536,1802.7402,8750.2129,11937.6914,51206.1016,62124.777,31652.9727,5193.397,36673.3502,6799.0265,7234.1378,24014.3485,5226.1809,10451.5015,12735.1329,9261.1457,21430.576,22298.4478,30965.1447,112785.8127,18048.75,18199.1875,21714.4032,2741.4299,9874.2847,11168.5421,8490.3124,4805.4656,60927.1767,3729.9697,11425.4328,22124.8653,2111.9323,71133.0237,23471.4292,23478.2797,2833.9263,450.5017,13826.9394,14909.9492,3987.0605,11387.1123,13731.915,7117.3145,29156.3613,13039.2116,5488.0981,5537.2875,15012.8334,11696.1434,45179.7333,46341.3374,5171.6497,38955.0392,4321.4267,4379.3307,13861.1712,14554.8128,2501.7703,7670.0513,29246.7354,10701.3039,24589.1525,18525.3382,51912.8042,,3600.7851,6871.6403,57188.8467,36536.1897,19127.8785,7074.6696,4104.4256,15438.6465,6246.7263,6408.1265,29127.1035,34799.625,16302.376,3093.5588,,6144.9231,4132.2262,2954.2395
3084.4629,7127.6958,11000.4111,16567.3874,29551.3086,10308.7904,21006.5492,20433.8824,9587.1372,33364.0582,13435.4492,12538.9648,40095.4869,39095.0664,38931.1999,17123.8231,25429.4687,43899.1,4610.1023,15224.9458,15122.3859,37611.766,8416.7072,3530.1609999999996,9618.9768,8443.8075,10627.2628,18534.8759,14222.9665,81694.6134,17085.4556,2948.4586,1388.2469,7500.9302,4303.5193,5365.616999999999,38147.8404,15895.541000000001,1158.5142,17651.7969,11784.1162,2908.6456,,22116.0387,15265.3915,13679.8591,4511.1901,7320.1109,16603.6315,19067.8236,18788.2807,24380.2703,31272.7665,24254.4931,,1444.1836,42406.0452,4190.0967,18198.5289,3437.5618,17473.2441,18954.7695,12006.2399,15155.872,9163.8627,27227.0075,2850.5129,24700.5573,3141.6247,32053.1,32439.7,9696.6839,35244.7478,35130.227999999996,18469.6127,2645.3743,8662.7107,,39419.843,6024.459,20675.4276,13858.7241,10004.4982,3049.8213,2607.825,8961.9532,2232.0285,5806.2477,48373.6017,20889.9177,45741.4732,7201.3427,11670.8946,17238.8281,20647.9914,43999.1747,38496.3637,29447.362999999998,9038.5029,32221.5821,11022.6269,22617.9393,4523.4399,2912.1766,29872.9593,9797.1035,83590.4063,3709.7293,8351.8204,15536.9375,19511.2674,13511.8358,6990.5707,1441.6848,20855.2706,24620.8357,60021.0677,80422.7435,11142.9425,2703.9124,1819.7751,27444.2335,13603.1788,4415.6731,33047.4755,5701.0477,21474.5255,20078.6402,4437.2207,4457.8882,24079.1895,22922.873,4875.6285,11896.0207,15749.8628,8854.9611,1728.7689,6035.9605,3528.9202,43576.3148,33791.4778,6730.9958,1823.2936,8464.2291,12496.6074,52000.6641,62512.8994,31557.0781,5204.9829,38375.0471,6960.901,7260.1182,24905.3698,5205.1082,7627.8907,12785.0221,9648.5838,22497.7108,23007.4703,28238.3205,111745.8175,19360.9622,18621.3359,22133.2976,2891.5432,10026.3073,11253.8787,8563.6942,4671.21,58947.5471,3911.3597,11667.3158,22600.6083,1899.4957,72288.5547,23981.1717,24910.8565,2921.098,443.9489,13734.1,14702.9326,3520.4363,11797.4512,13628.8086,7410.0029,30233.34,13327.1453,5455.9282,5532.7657,14934.8625,11290.5283,45878.0944,45536.5466,4998.175,39730.0944,4466.590999999999,4476.208,14263.4006,14446.7182,2566.133,7773.9346,28293.43,10778.7194,25817.132999999998,19341.773,52685.7917,,3620.9229,7209.5646,60185.1121,37489.006,19314.334,7276.3079,4160.3113,13005.677,6575.6333,6320.5093,29204.6895,35788.7969,16782.3828,2584.2196,,6252.3442,4317.8518,3096.3202
